subj,movement,duration,scans,t1mom,t1fetal,t2mom,t2fetal,t2shift,t1shift,relativePhase,relativeTemp
subjC10,2,44,0,0.0571847776417117,0.0703654267805549,0.0861938514165562,0.177722430546297,0.0915285791297413,0.0131806491388432,0.0783479299908981,0.813581827527498
