subj,movement,duration,scans,t1mom,t1fetal,t2mom,t2fetal,t2shift,t1shift,relativePhase,relativeTemp
subjC3,5,30,323,0.163664876630913,0.191483663634594,0.119528875419688,0.162298018086802,0.0427691426671137,0.0278187870036809,0.0149503556634328,0.155247722361712
