subj,movement,duration,scans,t1mom,t1fetal,t2mom,t2fetal,t2shift,t1shift,relativePhase,relativeTemp
subjC5,3,21,183,0.0913830904946763,0.205432044477545,0.0891725000659272,0.121057460046305,0.0318849599803782,0.114048953982869,-0.0821639940024907,-0.853208660462001
