subj,movement,duration,scans,t1mom,t1fetal,t2mom,t2fetal,t2shift,t1shift,relativePhase,relativeTemp
subjC20,5,32,324,0.906925838660976,0.316438990715916,0.451871419900119,0.156482908021598,-0.295388511878521,-0.59048684794506,0.29509833606654,3.06436486050405
